timestamp,env,event_type,status,response_time,dataset
2026-01-23T15:48:34.653174,stage,overload,warning,200,overload_dataset.csv
2026-01-23T15:50:59.892687,stage,overload,warning,200,overload_dataset.csv
2026-01-23T15:51:33.373275,stage,overload,warning,200,overload_dataset.csv
2026-01-24T14:01:08.299031,stage,overload,warning,200,demo_overload.csv
2026-01-24T14:02:13.522185,stage,overload,warning,200,demo_overload.csv
2026-01-24T14:46:13.655105,stage,overload,warning,200,demo_overload.csv
2026-01-24T14:56:24.510914,stage,overload,warning,200,demo_overload.csv
2026-01-24T14:57:45.313916,stage,overload,warning,200,demo_overload.csv
2026-01-24T15:19:45.684433,stage,overload,warning,200,demo_overload.csv
2026-01-24T15:20:24.535769,stage,overload,warning,200,demo_overload.csv
2026-01-24T15:25:42.733447,stage,overload,warning,200,demo_overload.csv
2026-01-24T15:52:32.643068,stage,overload,warning,200,overload_dataset.csv
2026-01-24T15:58:52.618935,stage,overload,warning,200,overload_dataset.csv
2026-01-24T15:59:32.292519,stage,overload,warning,200,overload_dataset.csv
2026-01-24T16:00:01.571994,stage,overload,warning,200,overload_dataset.csv
2026-01-24T16:02:24.506880,stage,overload,warning,200,overload_dataset.csv
2026-01-24T16:07:57.443831,stage,overload,warning,200,overload_dataset.csv
2026-01-24T16:12:18.008059,stage,overload,warning,200,overload_dataset.csv
2026-01-31T10:39:49.727788,stage,overload,warning,200,overload_dataset.csv
2026-01-31T15:35:39.106505,stage,overload,warning,200,overload_dataset.csv
2026-01-31T15:36:24.724036,stage,overload,warning,200,overload_dataset.csv
2026-01-31T16:10:15.807266,stage,overload,warning,200,overload_dataset.csv
2026-02-01T14:56:32.643853,stage,overload,warning,200,overload_dataset.csv
2026-02-01T16:34:02.755776,stage,overload,warning,200,overload_dataset.csv
